name,id,designation,tech/manufacturer,system id,fleet pts,hitpoints,armor rating,max flux,8/6/5/4%,flux dissipation,ordnance points,fighter bays,max speed,acceleration,deceleration,max turn rate,turn acceleration,mass,shield type,defense id,shield arc,shield upkeep,shield efficiency,phase cost,phase upkeep,min crew,max crew,cargo,fuel,fuel/ly,range,max burn,base value,cr %/day,CR to deploy,peak CR sec,CR loss/sec,supplies/rec,supplies/mo,c/s,c/f,f/s,f/f,crew/s,crew/f,hints,tags,rarity,breakProb,minPieces,maxPieces,travel drive,number
Aphid,HIVER_aphid,Light Carrier,Bio Tech,microburn,11,5500,550,2300,1833,190,65,2,50,35,20,20,10,400,OMNI,,120,0.4,1.2,,,90,150,120,30,2,15,9,36000,4,10,360,0.25,12,12,,,,,,,"UNBOARDABLE, CARRIER, HIDE_IN_CODEX","hiversmall_bp, IndEvo_no_ship_roulette, no_bp_drop, restricted, no_drop_salvage, no_dealer, no_sell",,0.9,4,6,,
Mantis,HIVER_beetle,Battleship,Bio Tech,mine_strike,55,22000,2300,19000,30000,1450,300,,50,35,20,10,7,4500,OMNI,,120,0.4,1.4,,,550,900,400,400,18,30,7,500000,2,18,600,0.25,58,58,,,,,,,"UNBOARDABLE, HIDE_IN_CODEX, ","hiverlarge_bp, IndEvo_no_ship_roulette, no_bp_drop, restricted, no_drop_salvage, no_dealer, no_sell",,0.9,4,6,,
Carabidae,HIVER_carabidae,Battlecruiser,Bio Tech,Bioenergyfocus,50,22000,2000,18050,14000,850,330,,36,18,12,10,10,3800,OMNI,,140,0.4,1,,,450,650,200,300,15,27,7,465000,2,12,800,0.25,46,46,,,,,,,"UNBOARDABLE, HIDE_IN_CODEX","hiverlarge_bp, IndEvo_no_ship_roulette, no_bp_drop, restricted, no_drop_salvage, no_dealer, no_sell",,0.9,4,6,,
Moth,HIVER_moth,Destroyer,Bio Tech,microburn,15,4950,600,3500,1750,280,95,,125,110,90,60,90,200,FRONT,,210,0.3,1,,,45,50,90,55,1,25,10,31000,7,10,240,0.25,6,6,,,,,,,"UNBOARDABLE, HIDE_IN_CODEX","hiversmall_bp, IndEvo_no_ship_roulette, no_bp_drop, restricted, no_drop_salvage, no_dealer, no_sell",,0.9,4,6,,
Burrower,HIVER_burrower,Drone Tender,Bio Tech,microburn,17,2300,350,2500,1200,390,105,4,90,110,70,95,170,220,OMNI,,90,0.5,1.2,,,20,35,175,30,1,40,9,15000,7,10,240,0.25,27,27,,,,,,,"UNBOARDABLE, CARRIER, HIDE_IN_CODEX","hivermedium_bp, IndEvo_no_ship_roulette, no_bp_drop, restricted, no_drop_salvage, no_dealer, no_sell",,0.9,4,6,,
Caelifera,HIVER_caelifera,Light Cruiser,Bio Tech,microburn,18,4600,500,2500,1200,390,155,,100,110,70,95,170,240,OMNI,,90,0.5,1.2,,,20,35,175,30,1,40,9,18000,7,10,240,0.25,20,20,,,,,,,"UNBOARDABLE, HIDE_IN_CODEX","hivermedium_bp, IndEvo_no_ship_roulette, no_bp_drop, restricted, no_drop_salvage, no_dealer, no_sell",,0.9,4,6,,
Deathfly,HIVER_deathfly,Light Carrier,Bio Tech,Bioenergyfocus,18,4800,550,2200,1833,390,100,3,75,35,20,25,20,400,OMNI,,120,0.4,1.2,,,95,120,90,30,2,15,9,58000,4,10,360,0.25,12,12,,,,,,,"UNBOARDABLE, CARRIER","hiversmall_bp, IndEvo_no_ship_roulette, no_bp_drop, restricted, no_drop_salvage, no_dealer, no_sell",,0.9,4,6,,
Weevil,HIVER_weevil,Combat Freighter,Bio Tech,microburn,15,5250,600,2800,2083,215,90,1,60,40,25,25,15,450,OMNI,,120,0.6,1.2,,,50,80,350,80,3,37,8,41000,4,15,420,0.25,7,7,,,,,,,"UNBOARDABLE, HIDE_IN_CODEX","hivermedium_bp, IndEvo_no_ship_roulette, no_bp_drop, restricted, no_drop_salvage, no_dealer, no_sell",,0.9,4,6,,
Mantabee,HIVER_mantabee,Carrier,Bio Tech,Bioenergyfocus,25,9000,1450,3900,4200,290,120,4,95,60,40,30,30,2100,OMNI,,120,0.4,1,,,250,300,120,55,4,15,8,155000,3,12,420,0.25,18,18,,,,,,,"UNBOARDABLE, CARRIER, COMBAT, NO_AUTO_ESCORT, HIDE_IN_CODEX","hivermedium_bp, IndEvo_no_ship_roulette, no_bp_drop, restricted, no_drop_salvage, no_dealer, no_sell",,0.9,4,6,,
Queen,HIVER_queen,Battlecarrier,Bio Tech,targetingfeed,55,19000,1950,17000,14000,800,360,6,41,15,10,9,6,4200,FRONT,,180,0.4,1,,,750,1500,400,400,15,27,7,505000,4,13,720,0.25,46,46,,,,,,,"UNBOARDABLE, CARRIER, COMBAT, NO_AUTO_ESCORT, HIDE_IN_CODEX","hiverlarge_bp, IndEvo_no_ship_roulette, no_drop, no_bp_drop, restricted, no_drop_salvage, no_dealer, no_sell",,0.9,4,6,,
Swimmer,HIVER_swimmer,Tanker,Bio Tech,microburn,14,2250,400,1500,2750,250,55,,110,65,30,30,25,500,OMNI,,120,0.5,1.2,,,15,50,150,1400,2,300,8,29000,5,10,180,0.25,6,6,,,,,,,"UNBOARDABLE, CIVILIAN, TANKER,HIDE_IN_CODEX","hiversmall_bp, IndEvo_no_ship_roulette, no_bp_drop, restricted, no_drop_salvage, no_dealer, no_sell",,0.9,4,6,,
Prince,HIVER_prince,Cruiser,Bio Tech,Bioenergyfocus,32,11500,1350,6800,6200,420,135,,80,25,20,35,17,1500,OMNI,,120,0.4,1,,,135,300,300,110,3,40,7,135000,4,10,540,0.25,23,23,,,,,,,"UNBOARDABLE, HIDE_IN_CODEX","hivermedium_bp, IndEvo_no_ship_roulette, no_bp_drop, restricted, no_drop_salvage, no_dealer, no_sell",,0.9,4,6,,
Chinavia,HIVER_chinavia,Combat Freighter,Bio Tech,microburn,17,6000,320,2550,2200,180,95,,60,30,10,10,10,1500,FRONT,,150,0.5,1,,,45,180,1000,100,4,30,7,50000,2,20,480,0.25,7,7,,,,,,,"UNBOARDABLE, HIDE_IN_CODEX","hivermedium_bp, IndEvo_no_ship_roulette, no_bp_drop, restricted, no_drop_salvage, no_dealer, no_sell",,0.9,4,6,,
Snipper,HIVER_snipper,Destroyer,Bio Tech,emp,17,6000,920,4000,3400,280,95,,70,50,20,25,20,450,OMNI,,180,0.4,1,,,65,90,80,80,3,30,9,42000,4,12,420,0.25,10,10,,,,,,,"UNBOARDABLE, HIDE_IN_CODEX","hiversmall_bp, IndEvo_no_ship_roulette, no_bp_drop, restricted, no_drop_salvage, no_dealer, no_sell",,0.9,4,6,,
Swallowtail,HIVER_swallowtail,Heavy Cruiser,Bio Tech,temporalshell,35,9500,1800,9450,9000,700,195,,50,35,10,30,30,2800,FRONT,,105,0.6,0.6,,,210,300,120,220,5,30,8,218000,3,12,540,0.25,31,31,,,,,,,"UNBOARDABLE, HIDE_IN_CODEX","hiverlarge_bp, IndEvo_no_ship_roulette, no_bp_drop, restricted, no_drop_salvage, no_dealer, no_sell",,0.9,4,6,,
Princess,HIVER_princess,Heavy Cruiser,Bio Tech,microburn,38,10500,2200,9450,9000,700,220,,45,35,10,45,30,3800,OMNI,,125,0.4,1,,,210,300,220,220,5,30,7,218000,3,12,540,0.25,31,31,,,,,,,"UNBOARDABLE, HIDE_IN_CODEX","hiverlarge_bp, IndEvo_no_ship_roulette, no_bp_drop, restricted, no_drop_salvage, no_dealer, no_sell",,0.9,4,6,,
Viridan,HIVER_viridan,Heavy Destroyer,Bio Tech,Bioenergyfocus,20,8000,950,3800,,320,80,,120,110,85,60,20,440,FRONT,,90,0.4,0.5,,,50,100,210,100,3,30,8,30000,4,10,360,0.2,10,10,,,,,,,"UNBOARDABLE, HIDE_IN_CODEX","hivermedium_bp, IndEvo_no_ship_roulette, no_bp_drop, restricted, no_drop_salvage, no_dealer, no_sell",,0.9,4,6,,
Lacewing,HIVER_lacewing,Frigate,Bio Tech,temporalshell,14,1700,310,2000,1800,180,45,,135,125,90,60,120,200,FRONT,,210,0.4,1,,,25,50,30,25,1,25,10,11000,7,10,240,0.25,5,5,,,,,,,"UNBOARDABLE, HIDE_IN_CODEX","hiversmall_bp, IndEvo_no_ship_roulette, no_bp_drop, restricted, no_drop_salvage, no_dealer, no_sell",,0.9,4,6,,
Catcher,HIVER_catcher,Cruiser,Bio Tech,Bioenergyfocus,32,10500,1650,7300,6000,390,160,,50,20,10,17,9,1500,OMNI,,120,0.4,1,,,125,350,350,120,3,40,8,120000,4,10,540,0.25,23,23,,,,,,,"UNBOARDABLE, HIDE_IN_CODEX","hivermedium_bp, IndEvo_no_ship_roulette, no_bp_drop, restricted, no_drop_salvage, no_dealer, no_sell",,0.9,4,6,,
Crabby,HIVER_crabby,Phase Destroyer,Bio Tech,acausaldisruptor,28,8200,760,3850,,290,65,,80,110,85,60,25,440,PHASE,phasecloak,90,,,0.05,0.05,50,100,210,100,3,30,8,32000,4,12,360,0.2,12,12,,,,,,,"UNBOARDABLE, HIDE_IN_CODEX","hiversmall_bp, IndEvo_no_ship_roulette, no_bp_drop, restricted, no_drop_salvage, no_dealer, no_sell",,0.9,4,6,,
Eyes,HIVER_eyes,Phase Cruiser,Bio Tech,displacer,34,11500,1240,7500,6200,490,145,,80,35,20,30,20,1500,PHASE,phasecloak,90,,,0.07,0.07,135,300,250,110,3,40,7,135000,4,15,540,0.25,25,25,,,,,,,"UNBOARDABLE, HIDE_IN_CODEX","hivermedium_bp, IndEvo_no_ship_roulette, no_bp_drop, restricted, no_drop_salvage, no_dealer, no_sell",,0.9,4,6,,
Chrysopidae,HIVER_chrysopidae,Heavy Frigate,Bio Tech,temporalshell,14,2000,250,2500,3125,250,60,,130,120,100,60,120,300,OMNI,,180,0.4,0.6,,,35,45,40,20,1,20,10,14000,6,20,180,0.25,9,9,,,,,,,"UNBOARDABLE, HIDE_IN_CODEX","hivermedium_bp, IndEvo_no_ship_roulette, no_bp_drop, restricted, no_drop_salvage, no_dealer, no_sell",,0.9,4,6,,
Calopteryx,HIVER_calopteryx,Carrier,Bio Tech,recalldevice,40,10000,900,12000,15000,600,250,6,30,15,10,7,4,3000,FRONT,,360,0.5,0.6,,,450,1000,250,200,10,20,7,409000,2,15,600,0.25,38,38,,,,,,,"UNBOARDABLE, CARRIER, HIDE_IN_CODEX","hivermedium_bp, IndEvo_no_ship_roulette, no_bp_drop, restricted, no_drop_salvage, no_dealer, no_sell",,0.9,4,6,,
Emperor,HIVER_emperor,Dreadnought,Bio Tech,Bioenergyfocus,68,25000,2400,20000,,1500,330,,36,10,0,30,15,4800,FRONT,,220,0.6,0.8,,,1500,4000,700,700,25,28,8,901500,4,20,600,0.25,80,80,,,,,,,"UNBOARDABLE, UNBOARDABLE, HIDE_IN_CODEX","hiverlarge_bp, IndEvo_no_ship_roulette, no_bp_drop, restricted, no_drop_salvage, no_dealer, no_sell",,0.9,4,6,,
Scarab,HIVER_scarab,Freighter,Bio Tech,microburn,12,3500,425,2100,,250,80,,110,55,35,30,20,350,OMNI,,90,0.5,1.7,,,40,120,850,300,1.5,66,9,31000,4,20,180,0.25,6,6,,,,,,,"UNBOARDABLE, CIVILIAN, FREIGHTER, HIDE_IN_CODEX","hivermedium_bp, IndEvo_no_ship_roulette, no_bp_drop, restricted, no_drop_salvage, no_dealer, no_sell",,0.9,4,6,,
Hornet,HIVER_hornet,Troop Transport,Bio Tech,flarelauncher_active,12,4000,700,2000,1833,120,65,2,90,50,60,30,45,450,OMNI,,45,0.4,0.8,,,120,500,80,90,2,40,9,31200,4,15,360,0.25,6,6,,,,,,,"UNBOARDABLE, TRANSPORT, HIDE_IN_CODEX","hivermedium_bp, IndEvo_no_ship_roulette, no_bp_drop, restricted, no_drop_salvage, no_dealer, no_sell",,0.9,4,6,,
Cleridae,HIVER_cleridae,Tug,Bio Tech,flarelauncher,10,500,350,700,625,95,80,,150,200,150,45,90,150,OMNI,,90,0.4,1,,,25,40,50,50,5,2,8,18000,9,40,240,0.25,6,6,,,,,,,"UNBOARDABLE, HIDE_IN_CODEX","hiversmall_bp, IndEvo_no_ship_roulette, no_bp_drop, restricted, no_drop_salvage, no_dealer, no_sell",,0.9,4,6,,
Lucanidae,HIVER_lucanidae,Heavy Drone Tender,Bio Tech,emp,27,12000,1300,10000,30000,900,260,6,50,25,15,45,15,2500,OMNI,,120,0.4,1.8,,,300,350,90,300,8,30,7,205000,2,15,600,0.25,49,49,,,,,,,"UNBOARDABLE, CARRIER, COMBAT, NO_AUTO_ESCORT, HIDE_IN_CODEX","hiverlarge_bp, IndEvo_no_ship_roulette, no_bp_drop, restricted, no_drop_salvage, no_dealer, no_sell",,0.9,4,6,,
Viridula,HIVER_viridula,Tanker,Bio Tech,microburn,15,2250,400,1500,2750,200,60,,95,50,30,30,25,500,OMNI,,90,0.5,1.2,,,15,20,15,800,2,300,8,32000,5,10,180,0.25,6,6,,,,,,,"UNBOARDABLE, TANKER, HIDE_IN_CODEX","hiversmall_bp, IndEvo_no_ship_roulette, no_bp_drop, restricted, no_drop_salvage, no_dealer, no_sell",,0.9,4,6,,
Silverfish,HIVER_silverfish,Combat Freighter,Bio Tech,displacer,12,2500,500,750,1250,100,45,,180,175,100,90,120,200,OMNI,,45,0.5,1.2,,,10,40,175,30,1,30,10,10500,4,10,240,0.25,4,4,,,,,,,"UNBOARDABLE, HIDE_IN_CODEX","hiversmall_bp, IndEvo_no_ship_roulette, no_bp_drop, restricted, no_drop_salvage, no_dealer, no_sell",,0.9,4,6,,
Ceruchus,HIVER_ceruchus,Logistics Cruiser,Bio Tech,flarelauncher_active,39,9700,1000,15000,14000,850,205,,60,40,30,20,25,2000,OMNI,,360,0.6,0.7,,,150,450,400,200,2,100,8,190000,2,15,420,0.25,23,23,,,,,,,"UNBOARDABLE, HIDE_IN_CODEX","hiverlarge_bp, IndEvo_no_ship_roulette, no_bp_drop, restricted, no_drop_salvage, no_dealer, no_sell",,0.9,4,6,,
Scarabaeus,HIVER_scarabaeus,Destroyer,Bio Tech,Bioenergyfocus,20,4000,300,8000,8333,550,105,,90,80,60,30,30,350,FRONT,,300,0.4,1.2,,,50,70,80,50,2,25,9,45000,5,15,300,0.25,14,14,,,,,,,"UNBOARDABLE, HIDE_IN_CODEX","hivermedium_bp, IndEvo_no_ship_roulette, no_bp_drop, restricted, no_drop_salvage, no_dealer, no_sell",,0.9,4,6,,
Chalcosoma,HIVER_chalcosoma,Superfreighter,Bio Tech,microburn,32,9000,400,5000,5000,350,275,,55,15,12,13,12,4000,OMNI,,90,0.5,1,,,50,100,2500,600,6,67,7,95000,1,20,720,0.25,24,24,,,,,,,"UNBOARDABLE, CIVILIAN, FREIGHTER, HIDE_IN_CODEX","hiverlarge_bp, IndEvo_no_ship_roulette, no_bp_drop, restricted, no_drop_salvage, no_dealer, no_sell",,0.9,4,6,,
Cerambycidae,HIVER_cerambycidae,Supertanker,Bio Tech,microburn,32,10000,1700,7000,7500,400,230,,70,30,20,8,8,4000,OMNI,,180,0.5,1.2,,,50,100,200,3200,6,500,7,90000,1,20,720,0.25,24,24,,,,,,,"UNBOARDABLE, CIVILIAN, TANKER, HIDE_IN_CODEX","hivermedium_bp, IndEvo_no_ship_roulette, no_bp_drop, restricted, no_drop_salvage, no_dealer, no_sell",,0.9,4,6,,
Scarabaeidae,HIVER_scarabaeidae,Destroyer,Bio Tech,emp,20,3500,250,7500,8333,550,105,4,125,110,90,60,90,400,OMNI,,275,0.3,1,,,50,70,90,55,2,25,10,47000,7,15,300,0.25,11,11,,,,,,,"UNBOARDABLE, HIDE_IN_CODEX","hiversmall_bp, IndEvo_no_ship_roulette, no_bp_drop, restricted, no_drop_salvage, no_dealer, no_sell",,0.9,4,6,,
Gangis,HIVER_gangis,Phase Frigate,Bio Tech,emp,15,1750,400,2500,3750,300,70,,165,120,100,60,120,200,PHASE,phasecloak,90,,,0.04,0.04,10,15,25,50,1,50,10,40000,10,15,180,0.25,8,8,,,,,,,"UNBOARDABLE, HIDE_IN_CODEX","hiversmall_bp, IndEvo_no_ship_roulette, no_bp_drop, restricted, no_drop_salvage, no_dealer, no_sell",,0.5,2,2,,
Creatonotos,HIVER_creatonotos,Phase Capital,Bio Tech,Bioenergyfocus,49,17000,1650,18000,24000,1500,290,,50,50,50,20,45,2400,PHASE,phasecloak,90,,,0.12,0.12,350,500,200,500,10,50,7,100000,3,20,600,0.25,55,55,,,,,,,"UNBOARDABLE, HIDE_IN_CODEX","hiverlarge_bp, IndEvo_no_ship_roulette, no_bp_drop, restricted, no_drop_salvage, no_dealer, no_sell",,0.4,2,3,,
,,,,,,,,,,,,,,,,,,,,,,,,,,,,,,,,,,,,,,,,,,,,,,,,,,,,,
#INTERCEPTOR DRONE,,,,,,,,,,,,,,,,,,,,,,,,,,,,,,,,,,,,,,,,,,,,,,,,,,,,,
Allsup,HIVER_allsup,,Bio Tech,,,420,80,450,,110,0,,275,400,350,120,275,20,NONE,,,,,,,0,0,,,,,,,,,,,,,,,,,,,,,,,,,,
#FIGHTER DRONE,,,,,,,,,,,,,,,,,,,,,,,,,,,,,,,,,,,,,,,,,,,,,,,,,,,,,
Katydid,HIVER_katydid,,Bio Tech,,,960,250,450,,180,0,,130,170,140,100,200,45,NONE,,,,,,,0,0,,,,,,,,,,,,,,,,,,,,,,,,,,
#BOMBER DRONE,,,,,,,,,,,,,,,,,,,,,,,,,,,,,,,,,,,,,,,,,,,,,,,,,,,,,
Gnawler,HIVER_gnawler,,Bio Tech,,,720,150,1000,,100,0,,200,250,200,75,180,80,NONE,,,,,,,0,0,,,,,,,,,,,,,,,,,,,,,,,,,,
#Assault Drone,,,,,,,,,,,,,,,,,,,,,,,,,,,,,,,,,,,,,,,,,,,,,,,,,,,,,
Flyter,HIVER_flyter,,Bio Tech,,,1200,325,800,,250,0,,160,100,100,80,120,100,NONE,,,,,,,0,0,,,,,,,,,,,,,,,,,,,,,,,,,,
#Heavy Drone,,,,,,,,,,,,,,,,,,,,,,,,,,,,,,,,,,,,,,,,,,,,,,,,,0,,,,
Scorpifly,HIVER_scorpifly,,Bio Tech,,,1500,400,1000,,250,0,,80,100,100,80,120,110,NONE,,,,,,,0,0,,,,,,,,,,,,,,,,,,,,,,,,,,
#RIPPER DRONE,,,,,,,,,,,,,,,,,,,,,,,,,,,,,,,,,,,,,,,,,,,,,,,,,,,,,
Meloidae,HIVER_meloidae,,Bio Tech,,,700,250,500,,180,0,,140,140,130,110,170,50,NONE,,,,,,,0,0,,,,,,,,,,,,,,,,,,,,,,,,,,
