id,variant,tags,tier,rarity,fleet pts,op cost,formation,range,attackRunRange,attackPositionOffset,num,role,role desc,refit,base value,,,,,,,,,,,,,number
HIVER_allsup_standard_wing,HIVER_allsup_standard,"interceptor1, interceptor, high, hiverwing_bp, no_drop, no_sell",1,,1,4,V,2000,500,0,4,INTERCEPTOR,Interceptor Drone,5,2000,,,,,,,,,,,,,
HIVER_katydid_standard_wing,HIVER_katydid_standard,"fighter3, fighter, high, hiverwing_bp, no_drop, no_sell",2,,1,6,V,3000,500,0,2,FIGHTER,Fighter Drone,8,3000,,,,,,,,,,,,,
HIVER_flyter_standard_wing,HIVER_flyter_standard,"fighter4, fighter, high, hiverwing_bp, no_drop, no_sell",2,,1,10,V,4000,500,0,1,ASSAULT,Assault Drone,12,6000,,,,,,,,,,,,,
HIVER_gnawler_standard_wing,HIVER_gnawler_standard,"bomber5, bomber, high, hiverwing_bp, no_drop, no_sell",1,,2,8,BOX,4000,700,0,1,BOMBER,Bomber Drone,10,6000,,,,,,,,,,,,,
HIVER_scorpifly_standard_wing,HIVER_scorpifly_standard,"auto_fighter,high, hiverwing_bp, no_drop, no_sell",2,,2,15,V,4500,500,0,1,ASSAULT,Heavy Drone,10,11000,,,,,,,,,,,,,
HIVER_meloidae_standard_wing,HIVER_meloidae_standard,"auto_fighter,high, hiverwing_bp, no_drop, no_sell",2,,2,5,V,4000,500,0,1,ASSAULT,Ripper Drone,10,12000,,,,,,,,,,,,,
